id,survey1,first,middle,last,ecig1,monthuse,tob1,gender,hisp,race,dob,famhx
297,12/03/15,Dennis,Hooper,Stafford,0,,0,m,0,1,4/15/1989,0
232,12/16/15,Quinn,Archer,Paine,0,,0,f,1,4,1/21/1990,9
337,04/22/15,Prince,Justin,Turniphead,0,,0,m,0,1,1/5/1991,1
699,06/22/15,Lucy,,Pevensie,0,,0,f,1,4,1/9/1991,0
536,11/01/15,Jamal,Nathanial,Hall,1,8,1,m,0,3,1/14/1991,1
346,03/22/15,Neville,,Longbottom,0,,0,m,0,1,1/17/1991,9
742,07/18/15,Minerva,,McGonagall,0,,0,f,0,4,1/18/1991,9
714,06/15/15,Edmund,,Pevensie,0,,1,m,0,4,1/20/1991,9
141,03/19/15,Brickle,Dwarf,thumb,1,10,1,m,0,1,2/5/1991,0
569,03/10/15,Witch,Of the,Waste,0,,0,f,1,1,2/7/1991,9
175,03/03/15,Poorna,Mountain,Malavath,0,,0,f,0,4,2/14/1991,0
258,03/02/15,Sirius,,Black,0,,0,m,0,4,2/15/1991,0
550,01/05/15,Aberforth,Brother,Bings,0,,0,m,0,1,2/20/1991,1
275,02/27/15,Elizabeth,Batty,Penderwick,0,,0,f,0,4,2/21/1991,0
760,05/14/15,Mopsy,,Rabbit,0,,0,f,0,3,3/9/1991,0
730,09/05/15,Owen,Perry,Foster,0,,0,m,0,1,3/15/1991,0
746,02/03/15,Melinda,,Foster,10,,0,f,1,1,3/17/1991,0
270,07/19/15,Sofia,Mia,Chapman,0,,0,f,0,1,3/18/1991,9
623,05/03/15,Brenda,Reese,Aarons,0,,0,f,1,4,3/20/1991,0
32,05/05/15,Silena,,Beauregarde,1,4,1,f,0,3,4/5/1991,0
26,10/04/15,Nancy,King,Blue,0,,0,f,1,4,4/7/1991,0
70,10/09/15,Josiah,Nathan,Flethcher,0,,0,m,1,4,4/9/1991,1
301,03/21/15,Millicent,,Bulstrode,0,,1,f,0,4,4/14/1991,0
93,06/25/15,Isabella,Jones,Taylor,0,,0,f,1,1,4/17/1991,0
638,02/20/15,Maryam,Math,Mirzakhani,0,,1,f,1,4,4/18/1991,0
679,07/25/15,Yasuko,,Kusakabe,0,4,0,f,1,4,4/20/1991,1
803,05/09/15,Louisa,May,Alcott,0,,0,f,1,2,4/21/1991,0
1,02/05/15,Lars,Knight,Hanson,0,,0,m,0,1,5/1/1991,0
526,01/23/15,Albert,Quinn,Nurgaiv,1,6,1,m,0,4,5/5/1991,1
621,03/17/15,Carla,Denton,Bunny,0,,0,f,0,4,5/7/1991,0
411,08/30/15,Muriel,,Stacy,0,,0,f,0,2,5/9/1991,0
749,06/03/15,Anne,Dean,Hatcher,0,,0,f,0,4,5/14/1991,0
249,11/05/15,Audrey,Webster,Lyon,1,23,1,f,0,4,5/15/1991,9
111,05/13/15,Peter,Pumpkin,Eater,1,3,1,m,1,4,5/17/1991,0
374,01/01/14,Jeanne,Alice,Seymour,0,,0,f,0,1,5/18/1991,0
489,01/15/15,Ben,Jeremy,Weatherstaff,0,,0,m,1,4,5/20/1991,1
58,08/22/15,Joshua,Wyatt,Burns,0,,0,m,0,1,5/21/1991,0
676,05/12/15,Beth,Messiah,March,0,,0,f,0,3,6/1/1991,0
298,06/12/15,Ginny,,Weasley,1,12,1,f,0,1,6/5/1991,0
228,04/05/15,Hoggle,Hedgehog,Stock,0,,0,m,1,3,6/7/1991,0
549,09/23/15,Barbara,Reagan,Park,0,,0,f,0,1,6/9/1991,0
403,09/04/15,Nora,Wheeler,Webster,0,,1,f,1,2,6/14/1991,9
225,09/27/15,Clemantine,,Wamariya,0,,0,f,0,1,6/15/1991,0
772,01/27/15,Eliza,Jane,Wilder,1,2,1,f,0,4,6/17/1991,1
726,04/22/15,Catherine,Kitty,Bennet,0,,0,f,0,4,6/18/1991,0
458,02/14/15,Anradin,Pitt,Tarkaan,0,,0,m,1,1,6/20/1991,0
770,01/06/14,Mary,,Lennox,0,,0,f,1,4,6/21/1991,0
685,02/10/15,Alice,,Longbottom,0,,0,f,0,4,7/1/1991,0
673,09/26/15,Lincoln,Fletcher,Carroll,0,,1,m,0,1,7/5/1991,0
267,10/19/15,Flo,,Miller,0,,1,f,0,4,7/7/1991,0
393,01/10/15,Thorfinn,,Rowle,1,2,0,m,0,1,7/9/1991,9
46,07/31/15,Lucus,Bell,Lee,0,,0,m,0,1,7/14/1991,0
606,07/27/15,Jacob,King,Baker,0,,0,m,1,1,7/15/1991,0
123,08/31/15,Augustus,Holloway,Gloop,0,,0,m,0,2,7/17/1991,1
238,03/25/15,Miss,Teacher,Bunda,1,6,0,f,0,4,7/18/1991,0
52,03/14/15,Bonnie,Anne,Cleary,0,,0,f,1,,7/20/1991,0
480,07/17/15,Lee,,Jordan,0,,0,m,1,3,7/21/1991,1
399,10/22/15,Minera,Pena,Whatsit,0,,0,f,1,4,8/1/1991,0
759,12/29/15,Kai,Joel,CartWright,0,,0,m,1,2,8/5/1991,1
459,12/09/15,Alexa,Kendall,Bowers,1,12,1,f,0,2,8/7/1991,0
454,03/09/15,Alec,Morrow,McGrath,0,,1,m,0,4,8/9/1991,9
165,02/22/15,Rosalind,Rosy,Penderwick,0,,1,f,1,4,8/14/1991,0
430,01/01/15,Anne,Marianne,Shirley,0,,1,f,1,1,8/15/1991,1
572,06/22/15,Abigail,Emma,Kendall,1,1,1,f,0,3,8/17/1991,0
67,02/03/15,John,Sanderson,Edwards,1,10,1,m,0,2,8/18/1991,1
655,01/18/15,Wicked,Witch,East,0,,0,f,0,2,8/20/1991,9
356,04/05/15,Percy,Child,Jacksan,1,2,1,m,0,3,8/21/1991,0
392,02/06/15,Jeb,,Carter,0,,0,m,0,4,9/1/1991,0
778,11/13/15,Strugis,Mills,Podmick,0,,1,m,0,4,9/1/1991,1
578,12/14/15,Fern,,Arable,0,,0,f,1,1,9/5/1991,9
60,01/14/15,Rudy,Jorge,Anaya,0,,0,m,1,3,9/7/1991,0
355,05/22/15,Eeyore,Sadface,Donkey,0,,0,m,0,2,9/9/1991,0
22,12/05/15,Aaliyah,Cannon,Stafford,1,8,0,f,0,4,9/14/1991,0
171,12/27/15,Bennett,Cole,Sinclair,0,,0,m,0,2,9/15/1991,0
561,05/25/15,Holloway,Milton,Weasley,0,,0,m,1,1,9/17/1991,0
92,07/29/15,Leslie,,Middleton,0,,0,f,1,4,9/18/1991,0
266,02/19/15,Joan,Beauchamp,Procter,0,,0,f,0,4,9/20/1991,9
322,03/03/15,Alejandro,Preston,Penderwick,0,,0,m,1,4,9/21/1991,0
102,04/23/15,Joanna,,Taylor,0,,1,f,1,1,10/1/1991,0
447,03/26/15,Penny,,Penguin,0,,0,f,0,4,10/5/1991,0
580,02/18/15,Clodsley,,Shovel,0,,1,m,0,3,10/7/1991,0
264,10/03/15,Frank,,Miller,0,,0,m,1,3,10/9/1991,0
487,05/03/15,Goodnight,Construction,Site,1,12,1,f,0,2,10/14/1991,9
317,06/18/15,Gabrielle,,Delacour,1,1,0,f,1,1,10/15/1991,0
86,12/04/15,Quirinus,,Quirrel,0,,0,m,0,1,10/17/1991,0
204,08/29/15,Carmen,Calvert,Amaya,0,,0,f,0,4,10/18/1991,0
114,02/22/15,Jeanne,Literature,Birdsall,0,,0,f,0,1,10/20/1991,0
821,11/18/15,May,Tattletale,Murkee,0,,0,f,0,1,10/21/1991,9
674,09/08/15,Mike,Jobbs,Teavee,0,,1,m,1,1,11/1/1991,0
17,02/08/15,Rudy,Dan,Lestrange,0,,1,m,1,1,11/5/1991,0
537,05/01/15,Gregory,,Goyle,1,9,0,m,0,4,11/7/1991,0
336,08/23/15,Satsuki,,Kusakabe,0,,0,f,1,4,11/9/1991,0
256,02/20/15,Wilkie,Apparition,Twycross,1,6,1,m,0,3,11/14/1991,0
101,12/08/15,Madelyn,Connell,Snow,0,,0,f,1,1,11/15/1991,1
205,07/10/15,Amelia,Lewis,Brooks,1,12,0,f,1,1,11/17/1991,0
665,05/28/15,Grover,Satyr,underwood,0,,0,m,0,4,11/18/1991,1
163,10/14/15,Eli,Grayson,Tucker,1,8,1,m,0,4,11/20/1991,0
342,07/02/15,Ludwig,,Bemelmans,0,,0,m,0,4,11/21/1991,0
147,01/09/15,Keaton,Harmon,Rookwood,0,,0,m,1,4,12/1/1991,0
664,05/16/15,Hettie,,Granger,0,,1,f,1,3,12/1/1991,9
824,03/22/15,Boop,Fischer,Bot,0,,0,f,1,3,12/5/1991,1
3,11/04/15,Caroline,Meg,Murry,0,,0,f,1,2,12/6/1991,0
391,11/15/15,Poppy,Nurse,Pomfrey,0,,0,f,0,4,12/7/1991,0
265,12/24/15,Bob,Greyson,Zimmerson,0,,0,m,0,4,12/9/1991,1
584,10/03/15,Marilla,,Cuthbert,0,,0,f,1,4,12/14/1991,0
155,02/24/15,Mary,Pope,Osborne,0,,1,f,1,4,12/15/1991,0
55,01/21/15,Carrie,Handel,Ingal ,0,,0,f,0,4,12/17/1991,0
515,01/07/15,Helena,Greylady,Ravenclaw,0,,0,f,1,2,12/18/1991,0
669,08/04/15,Jadis,White,Witch,0,,0,f,1,4,12/20/1991,0
779,08/07/15,Anthony,Grayson,Shaw,1,10,0,m,1,4,12/21/1991,0
808,02/17/15,Peter,Jack,Ferrars,0,,1,m,0,4,1/1/1992,0
592,01/17/15,Alice,Spinnet,Chaser,0,,1,f,1,3,1/1/1992,1
556,11/11/15,Charles,Wallace,Murry,0,,0,m,1,4,1/5/1992,1
753,11/02/15,Ellie,Cook,Sawyer,0,,0,f,0,4,1/7/1992,1
144,11/25/15,Neal,Cobb,Logan,1,9,0,m,0,3,1/9/1992,0
221,09/07/15,Mila,Morgan,Bell,0,,1,f,0,4,1/14/1992,0
262,05/05/15,Remus,,Lupin,0,,1,m,0,1,1/15/1992,0
731,11/05/15,Skylar,Grant,River,0,,0,f,1,2,1/17/1992,0
216,08/11/15,Edith,,Winterblott,0,,0,f,0,3,1/18/1992,1
50,12/16/15,Autumn,Skylar,Wier,0,,1,f,0,4,1/20/1992,1
24,11/29/15,Norman,Pearce,Waters,0,,0,m,0,4,1/21/1992,0
705,01/28/15,Nellie,,Oleson,1,6,0,f,0,4,2/1/1992,0
375,08/02/15,Scarlett,Aria,Wallace,0,,0,f,0,2,2/5/1992,0
11,05/29/15,Edna,Maria,Doolittle,1,1,1,f,1,2,2/7/1992,0
304,12/26/15,Ryder,Jonah,Hurley,0,,0,m,1,4,2/9/1992,0
404,05/10/15,Lydia,,Bennet,0,,0,f,1,3,2/14/1992,1
683,03/16/15,Theresa,,Marez,0,,1,f,1,2,2/15/1992,0
465,10/29/15,Mrs,,Who,0,,0,f,0,1,2/17/1992,0
469,11/09/15,Ignotus,,Parkinson,1,1,0,m,0,4,2/17/1992,9
167,05/01/15,Nico,di,Angelo,0,,0,m,0,4,2/18/1992,0
518,09/30/15,Bernice,Bean,Blue,1,10,0,m,0,4,2/18/1992,1
413,03/31/15,Father,,Byrnes,0,,0,m,1,4,2/20/1992,0
483,04/17/15,Dirk,,Cresswell,1,18,0,m,0,4,2/21/1992,0
291,11/29/15,Margaret,Wise,Brown,1,4,1,f,1,2,3/1/1992,0
428,02/21/15,Sophie,,Hatter,0,,0,f,0,4,3/5/1992,0
453,12/02/15,Max,Josh,Wild ,0,,0,m,1,4,3/5/1992,0
59,09/13/15,Addison,Nora,Rogers,0,,0,f,0,2,3/7/1992,0
777,08/03/15,Harold,,Scrubb,0,,1,m,0,4,3/7/1992,0
18,08/17/15,Henry,Warren,Davis,0,,0,m,0,1,3/9/1992,0
104,12/12/15,Alice,Sarah,Stafford,0,,0,f,0,3,3/14/1992,0
653,09/25/15,Prince,Edward,Island,0,,0,m,1,1,3/14/1992,0
242,02/20/15,Linda,,Arden,0,,0,f,1,1,3/15/1992,0
532,08/19/15,Christopher,Calormene,Reed,1,11,1,m,0,4,3/17/1992,0
658,01/23/15,Grace,,Ingalls,0,,0,f,1,4,3/18/1992,0
69,03/27/15,Tigger,George,Bell,0,,0,m,0,4,3/20/1992,0
630,01/25/15,Jane,,Bennet,0,,0,f,0,4,3/21/1992,9
568,04/08/15,Jane,,Bennet,0,,0,f,0,4,3/21/1992,9
61,03/30/15,Albert,Josiah,Milne,0,,,m,1,,4/1/1992,9
477,03/02/15,Susan,,Bones,0,,0,f,0,1,4/5/1992,0
443,06/05/15,Narcissa,,Malfoy,0,,1,f,1,4,4/7/1992,9
397,03/25/15,Mrs ,Teacher,Geballe,0,,1,f,0,4,4/9/1992,1
629,04/26/15,Mabel,,Kirke,0,,0,f,1,4,4/14/1992,0
597,08/14/15,Buffalo,Calf,Road Woman,0,,1,f,1,1,4/15/1992,0
539,04/28/15,Beatrice,Ivy,Vio,0,,0,f,1,4,4/17/1992,9
89,04/26/15,Waldo,,Macnair,0,,0,m,1,4,4/18/1992,0
576,08/26/15,Sebastian,Perry,Dunn,0,,0,m,0,4,4/20/1992,0
343,03/07/15,Terry,,Boot,0,,0,m,0,4,4/21/1992,0
553,06/14/15,Matt,dela,Pena,1,6,1,m,0,4,5/1/1992,1
279,08/27/15,Alastor,Ingalls,Moody,0,,1,m,0,4,5/5/1992,0
325,12/23/15,Ruby,Evie,Wier,1,5,1,f,0,1,5/7/1992,1
608,11/11/15,Lucy,Rogers,Brady,1,3,1,f,0,3,5/9/1992,0
96,01/06/15,Henry,John,Watts,1,12,1,m,0,3,5/14/1992,0
263,01/02/15,Oliver,,Twist,0,,0,m,1,2,5/15/1992,1
214,12/30/15,Petey,,Cat,0,,0,m,1,1,5/17/1992,0
438,12/15/15,Emilia,Drew,Camp,1,2,0,f,0,1,5/18/1992,0
513,10/12/15,Josie,,Pye,1,12,1,f,0,1,5/20/1992,0
136,09/23/15,George,Father,Little,0,,0,m,0,4,5/21/1992,1
507,03/04/15,Lydia,,Penderwick,1,14,1,f,1,2,6/1/1992,0
639,08/04/15,Mary,,Seacole,0,,0,f,0,4,6/5/1992,1
545,03/08/15,Lucas,,Luna,0,,0,m,0,4,6/7/1992,0
445,01/21/15,Pomona,,Sprout,0,,0,f,0,4,6/9/1992,1
27,09/21/15,Junie,Beatrice,Jones,0,,0,f,0,4,6/14/1992,9
154,01/31/15,Nymphadora,,Tonks,0,,0,f,0,4,6/15/1992,0
354,03/18/15,Angela,Ruby,Merkel,0,,0,f,1,1,6/17/1992,0
599,06/01/15,Grisleda,,Marchbanks,0,,0,f,0,2,6/18/1992,9
180,09/30/15,Jaxon,Park,Holt,0,,0,m,0,3,6/20/1992,9
563,07/14/15,Avery,Sophia,Wood,1,6,1,f,0,2,6/21/1992,0
543,01/16/15,James Bond,,,1,16,1,m,1,2,7/1/1992,1
619,01/12/15,Kingsley,,Shacklebolt,1,6,1,m,1,2,7/5/1992,0
570,04/15/15,Letitia,,Ketterley,1,5,1,f,1,1,7/7/1992,0
333,01/29/15,Willow,Eva,Tonks,0,,0,f,0,4,7/9/1992,9
738,03/01/15,Cuthbert,,Binns,1,6,1,m,0,1,7/14/1992,0
626,01/19/15,Frodo,,Baggins,0,,1,m,0,4,7/15/1992,0
490,01/24/15,Frodo,,Baggins,0,,1,m,0,4,7/15/1992,0
277,12/22/15,Nevaeh,Joyce,Hays,0,,0,f,1,4,7/17/1992,1
251,01/27/15,Nels,,Oleson,0,,1,m,1,4,7/18/1992,0
535,03/10/15,Elizabeth,Mother,Penderwick,0,,0,f,0,2,7/20/1992,0
631,11/14/15,Aaliyah,Stella,Penn,0,,0,f,0,4,7/21/1992,0
609,04/04/15,Madame,,Suliman,0,,0,f,0,4,8/1/1992,0
710,11/08/15,Joanne,K.,Rowling,0,,0,f,1,1,8/5/1992,0
440,03/05/15,Johanna,Ice,Nordblad,0,,0,f,1,3,8/7/1992,0
377,03/28/15,John,Mannerly,Darcy,1,12,0,m,1,4,8/9/1992,0
542,08/12/15,Jane,,Andrews,0,,0,f,1,1,8/14/1992,1
595,02/11/15,Tsybill,,Trelawney,0,,0,f,0,4,8/15/1992,1
509,10/07/15,Caleb,Jaxon,Simmons,0,,0,m,0,4,8/17/1992,0
12,08/10/15,Gabriel,Garath,Finn,0,,0,m,1,3,8/18/1992,0
624,06/17/15,Olivia,Taylor,Miller,0,,0,f,1,4,8/20/1992,0
401,06/09/15,William,,Collins,0,,0,m,0,1,8/21/1992,0
319,01/26/15,Adam,John,Kendall,0,,0,m,0,2,9/1/1992,1
610,11/15/15,Isadora,,Duncan,1,6,1,f,1,4,9/5/1992,0
625,09/24/15,Brooklyn,F.,Cole,1,2,0,f,0,1,9/7/1992,0
166,07/11/15,Elizabeth,Isabella,Phillips,0,,0,f,0,4,9/9/1992,0
470,03/31/15,Myrtle,,Warren,1,20,1,f,,4,9/14/1992,0
261,11/03/15,Hedy,,Lamar,1,seven,1,f,0,1,9/15/1992,0
446,03/15/15,Yaz,Perry,Bunny,0,7,0,m,0,4,9/17/1992,0
825,06/30/15,Sophia,Nelson,Cox,0,,1,f,0,4,9/18/1992,0
792,02/09/15,Hans,,Dorfler,0,,0,m,0,4,9/20/1992,0
162,03/17/15,Mateo,,Luna,1,1,0,m,0,4,9/21/1992,0
775,02/26/15,Totto-chan,,Little,0,,0,f,1,2,10/1/1992,0
791,03/27/15,Jesse,Jasper,Carrow,1,13,1,m,1,4,10/5/1992,0
819,05/27/15,Anthony,Brock,Goldstein,1,12,1,m,1,,10/7/1992,0
784,05/26/15,Madam,,Malkin,0,,0,f,0,4,10/9/1992,9
530,03/14/15,Deborah,,Marez,0,,0,f,1,4,10/14/1992,0
176,03/20/15,Story,,Bots,0,,0,f,0,4,10/15/1992,9
607,10/31/15,Irma,Books,Pince,0,,0,f,0,2,10/17/1992,0
248,06/13/15,Jimmy,,Fargo,0,,0,m,0,4,10/18/1992,1
269,03/11/15,Juan,,Luna,1,5,1,m,1,1,10/20/1992,0
524,12/30/15,Max,Antonio,Nolan,0,,0,m,1,3,10/21/1992,0
274,08/27/15,Camilla,Reed,William,1,3,0,f,0,4,11/1/1992,0
293,04/03/15,Mary,Sister,Bennet,0,,0,f,0,4,11/5/1992,0
161,12/20/15,Eva,Hobbbs,Patton,0,,0,f,1,4,11/7/1992,0
493,09/06/15,Zoey,Cooper,Grant,1,13,0,f,1,1,11/9/1992,9
215,12/18/15,Sadie,Bright,Brook,0,,1,f,1,2,11/14/1992,1
481,09/20/15,Luna,Davies,Dunn,1,12,1,f,0,4,11/15/1992,0
284,04/06/15,Jake,Hephaestus,Mason,0,,1,m,0,3,11/17/1992,0
519,08/01/15,Scarlett,Chloe,Lee,1,12,1,f,0,4,11/18/1992,0
88,02/06/15,Ultima,Gina,Alvarez,0,,1,f,1,3,11/20/1992,0
573,02/22/15,Justin,Finch,Fletchley,0,,1,m,0,4,11/21/1992,0
410,06/11/15,Chris,Kronos,Rodriguez,0,,0,m,0,1,12/1/1992,0
427,02/28/15,Jeffrey,,Tifton,0,,0,m,0,4,12/5/1992,0
331,03/06/15,Andree,Alice,Peel,0,,0,f,1,4,12/7/1992,1
820,10/28/15,Antioch,Ewing,Peverell,0,,1,m,0,4,12/9/1992,1
170,01/01/15,Mark,Test,Twain,0,,0,m,1,1,12/14/1992,0
227,01/31/15,Robert,Bell,Alden,0,,1,m,1,2,12/15/1992,1
159,05/11/15,Travis,Hermes,Stoll,1,12,1,m,0,2,12/17/1992,9
752,07/04/15,John,,Brooke,1,12,1,m,1,4,12/18/1992,0
315,08/09/15,Luo,,Dengping,0,,0,f,0,4,12/20/1992,0
495,03/05/15,Cruella,De,Vil,1,7,1,f,0,2,12/21/1992,0
464,07/05/15,Mafalda,,Hopkirk,0,,0,f,0,4,1/1/1993,0
632,10/07/15,Ruby,,Gillis,0,,1,f,1,4,1/5/1993,0
725,10/18/15,Adrian,Christopher,Peterson,1,21,1,m,0,4,1/7/1993,1
273,05/24/15,Wizard,Of,Oz,0,,1,m,1,4,1/9/1993,0
587,03/06/15,Tenorio,,Trementina,0,,1,m,1,4,1/14/1993,0
257,02/12/15,Ebenezer,,Sprague,1,8,1,m,0,4,1/15/1993,0
324,09/14/15,Susan,,Jones,0,,0,f,0,4,1/17/1993,0
339,03/31/15,Frank,,Bryce,0,,1,m,0,2,1/18/1993,0
789,11/17/15,Richard,Lucas,Stephenson,0,,0,m,0,4,1/20/1993,1
16,10/20/15,Branwen,Fay,O'Keefe,1,2,1,f,1,4,1/21/1993,1
548,12/28/15,Brandon,Karter,Otis,0,,1,m,1,4,2/1/1993,0
240,12/27/15,Charlotte,A.,Cavatica,1,3,1,f,0,4,2/5/1993,9
718,06/07/15,Edward,M.,Gardiner,0,,0,m,0,1,2/7/1993,0
795,07/23/15,Scarlett,Evelyn,Powell,0,,1,f,1,2,2/9/1993,1
45,03/25/15,Teddy,Dean,Hagrid,0,,1,m,0,1,2/14/1993,0
72,01/07/14,Rhett,Windy,Butler,1,20,1,m,0,4,2/15/1993,0
246,07/17/15,Raven,May,Cross,0,,0,m,1,4,2/17/1993,0
82,09/07/15,Luke,Price,Fisher,0,,0,m,0,4,2/18/1993,0
112,03/23/15,Alecto,Bed,Carrow,1,12,0,f,0,4,2/20/1993,0
586,11/09/15,Paddy,,O'Keefe,0,,0,m,0,4,2/21/1993,0
363,09/28/15,Camille,Cutler,Stout,1,2,1,f,1,4,3/1/1993,0
593,01/13/15,Aurora,Teacher,Sinistra,0,,0,f,1,4,3/5/1993,0
506,08/08/15,Paul,,Bunyan,0,,0,m,1,1,3/7/1993,0
642,08/13/15,Matthew,Lane,Black,1,2,0,m,1,4,3/9/1993,0
318,02/15/15,Axartha,Julia,Tarkaan,0,,0,f,1,1,3/14/1993,0
211,10/06/15,Charles,Ryan,Simmons,0,,0,m,0,4,3/15/1993,0
334,02/10/15,Joe,,Kagan,0,,1,m,0,4,3/17/1993,0
816,03/28/15,Prudencio,D.,Martinez,0,,0,m,0,3,3/18/1993,0
571,01/28/15,Harriet,,Oleson,0,,0,f,0,2,3/20/1993,1
741,11/18/15,Ray,Shepard,Brewer,0,,0,m,0,4,3/21/1993,9
367,07/16/15,Benjamin,Thomas,Hunt,1,6,0,m,1,2,4/1/1993,1
575,09/10/15,Hannah,Layla,Turner,1,6,0,f,1,4,4/5/1993,0
39,08/31/15,Riley,Hughes,County,1,36,1,f,1,2,4/7/1993,0
661,03/13/15,Nadia,Peace,Murad,0,,0,f,0,1,4/9/1993,0
210,09/09/15,Clara,Cromwell,Rockmore,0,,0,f,1,4,4/14/1993,9
648,02/13/15,Henry,,Riley,0,,0,m,0,3,4/15/1993,0
449,05/02/15,Flopsy,Ava,Rabbit,0,,0,f,1,1,4/17/1993,0
475,04/14/15,Meg,,March,0,,0,f,1,4,4/18/1993,1
424,01/17/15,Severus,,Snape,0,,1,m,0,3,4/20/1993,0
788,08/24/15,Andrew,Armstrong,William ,0,,0,m,1,3,4/21/1993,0
649,06/21/15,Charlotte,Piatt,Lucas,0,,0,f,1,4,5/1/1993,0
429,10/06/15,Thomas,Mateo,Dunn,1,4,0,m,0,1,5/5/1993,1
271,07/01/15,Connor,Hermes,Stoll,0,,0,m,0,2,5/7/1993,1
150,12/25/15,Luis,Diego,Cruz,0,,0,m,0,1,5/9/1993,0
15,03/18/15,Septima,Annie,Vance,0,,0,f,0,4,5/14/1993,0
533,02/16/15,Lord,,Bern,0,,1,m,1,1,5/15/1993,1
296,11/19/15,Jacob,Maxwell,Carey,0,,0,m,1,4,5/17/1993,0
680,08/07/15,Charlotte,,Palmer,0,,0,f,1,4,5/18/1993,0
557,03/11/15,Auggie,Martha,Longbottom,0,,0,f,1,4,5/20/1993,1
126,10/05/15,Isaiah,Mann,Carroll,0,,1,m,0,4,5/21/1993,9
14,05/13/15,Jamie,,Kincaid,0,,0,f,0,4,6/1/1993,1
383,03/07/15,Katie,,Bell,1,5,0,f,0,2,6/5/1993,0
332,12/01/15,Barry,Keller,Waters,1,6,1,m,1,4,6/7/1993,0
761,12/23/15,Wilbur,The,Pig,0,,1,m,0,4,6/9/1993,9
385,09/15/15,Thomas,,Palmer,0,,0,m,1,4,6/14/1993,0
667,05/15/15,Khoudia,,Diop,1,25,1,f,0,4,6/15/1993,0
133,09/15/15,Oompa,,Loompas,0,,1,m,1,4,6/17/1993,0
435,12/15/15,Avery,Mackenzie,Arable,0,,1,f,1,4,6/18/1993,0
766,05/07/15,Amelia,Piper,Bedelia,0,,0,f,0,1,6/20/1993,0
528,10/17/15,Connor,Julian,Holt,0,,0,m,0,4,6/21/1993,9
386,05/31/15,Ezra,Jack,Keats,0,,0,m,1,4,7/1/1993,1
751,02/01/15,Melinda,,Foster,0,,0,f,1,4,7/5/1993,0
278,10/15/15,Katherine,Kate,Murry,0,,0,f,1,4,7/7/1993,0
786,12/29/15,Declan,Hayden,Leigh,1,12,1,m,0,1,7/9/1993,0
785,05/31/15,Peter,Warren,Hatcher,1,11,1,m,0,1,7/14/1993,0
773,04/30/15,Annabeth,Daughter,Chase,0,,1,f,0,1,7/15/1993,0
207,03/29/15,Peggy,,Parish,1,3,1,f,0,2,7/17/1993,1
637,07/11/15,Billie,Jean,King,0,,0,f,1,4,7/18/1993,0
605,10/20/15,Gerty,,Cori,0,,1,m,1,1,7/20/1993,0
191,07/13/15,Viktor,,Krum,0,,0,m,1,4,7/21/1993,0
108,01/04/15,Antonin,Hogg,Locke,1,24,1,m,0,4,8/1/1993,1
633,04/25/15,Mother,,Goose,0,,0,f,1,1,8/5/1993,0
87,03/10/15,Ramona,Geraldine,Quimby,0,,0,f,0,2,8/7/1993,0
321,09/17/15,Stuart,Mouse,Little,0,,1,m,0,4,8/9/1993,0
799,04/24/15,Colin,Garden,Creevey,0,,0,m,1,4,8/14/1993,0
201,07/06/15,Nomutu,,Magakene,0,,0,m,1,4,8/15/1993,0
158,05/09/15,Merope,,Gaunt,1,3,1,f,0,1,8/17/1993,0
43,04/11/15,Anne,Pirate,Bonny,1,21,1,f,1,,8/18/1993,0
36,10/02/15,Nathan,Harvey,Little,0,,0,m,0,4,8/20/1993,0
30,06/13/15,Adela,Emma,Pennyfather,0,,0,f,1,1,8/21/1993,0
732,01/13/15,Good,Witch,North,0,,0,f,0,3,9/1/1993,0
682,03/05/15,Mark,Stillfake,Bagman,0,,0,m,0,1,9/5/1993,0
229,10/25/15,Hudson,Dunn,Jefferson,0,,0,m,0,4,9/7/1993,0
65,08/17/15,Julian,Issac,Crawford,0,,0,m,1,1,9/9/1993,0
588,05/27/15,Rachel,Elizabeth,Dare,0,,0,f,1,4,9/14/1993,1
99,01/11/15,Albert,Frank,Dumbledore,0,,0,m,0,4,9/15/1993,1
444,02/25/15,Jane,,Penderwick,0,,0,f,1,4,9/17/1993,0
471,01/24/15,Pius,,Thicknesse,0,,0,m,1,4,9/18/1993,0
151,03/24/15,Cheshire,smiley,Cat,0,,0,m,1,2,9/20/1993,0
405,05/19/15,Mrs.,Tiggy,Winkle,0,,0,f,0,4,9/21/1993,0
196,02/25/15,Daisy,,Armstrong,0,,0,f,1,4,10/1/1993,0
37,05/12/15,Charles,Lee,Bingley,0,,0,m,0,1,10/5/1993,0
474,11/23/15,Andrew,T.,Yang,1,2,0,m,0,4,10/7/1993,0
349,09/16/15,Corrie,Ten,Boom,0,,0,f,1,4,10/9/1993,0
418,01/02/15,Harry,Fake,Potter,1,7,1,m,0,4,10/14/1993,0
439,08/06/15,Alexander,John,Thomson,0,,0,m,1,2,10/15/1993,0
502,01/25/15,Rose,,Wilder,0,,0,f,1,4,10/17/1993,0
423,09/06/15,Dylan,May,Fisher,0,,0,m,0,2,10/18/1993,0
613,10/30/15,Zoe ,William,Peck,1,9,1,f,0,4,10/20/1993,0
450,07/13/15,Logan,Gibson,Wood,0,,0,m,0,1,10/21/1993,0
389,01/13/15,Stan,Bus,Shunpike,0,,1,m,1,4,11/1/1993,1
691,11/30/15,Norman,Cohen,Banks,0,,0,m,1,2,11/5/1993,0
560,12/04/15,Henry,,Fussy,0,,0,m,1,4,11/7/1993,1
250,10/27/15,Easton,Cole,Hanson,0,,0,m,1,4,11/9/1993,0
382,09/04/15,Dennys,,Murry,1,2,1,m,0,1,11/14/1993,0
781,04/10/15,Katie,Demeter,Gardner,0,,1,f,0,4,11/15/1993,0
300,09/17/15,Luo,,Holmes,0,,0,m,1,3,11/17/1993,0
66,07/30/15,Victoria,Abigail,Wells,1,22,1,f,1,1,11/18/1993,0
567,10/10/15,Philip,Johnny,Bob,0,,0,m,0,4,11/20/1993,1
703,01/02/15,Bilbo,Bob,Boyer,0,,0,m,1,2,11/21/1993,0
809,05/18/15,Lilian,Air,Bland,0,,0,f,0,4,12/1/1993,0
294,01/08/15,Tom,Marvolo,Riddle,0,,0,m,0,4,12/5/1993,0
620,07/01/15,Curious,,George,0,,1,m,1,3,12/7/1993,0
478,04/18/15,Audrey,Starr,Donnell,0,,1,f,0,1,12/9/1993,0
307,03/14/15,Dexter,,Dupree,0,,1,m,0,4,12/14/1993,9
157,01/09/15,Demelza,,Robbins,0,,0,f,0,1,12/15/1993,1
145,12/06/15,Elwyn,Brooks,White,0,,0,m,0,4,12/18/1993,0
121,01/17/15,Colin,,Craven,0,,0,m,0,1,12/20/1993,0
694,03/29/15,Robert,,Quimby,0,,1,m,0,4,12/21/1993,1
522,11/28/15,Mack,short,London,0,,0,m,0,1,1/1/1994,0
90,05/19/15,Bianca,Diana,Angelo,1,23,0,f,0,4,1/5/1994,1
715,10/15/15,Gilbert,,Blyth,0,,0,m,1,4,1/7/1994,0
224,04/20/15,May,Belle,Aarons,0,,0,f,1,4,1/9/1994,0
364,08/28/15,Penelope,Natalie,Kelly,0,,0,f,0,4,1/14/1994,1
678,12/13/15,Hailey,Sadie,Camp,0,,1,f,0,4,1/15/1994,0
806,10/28/15,Leah,Carroll,Stanton,1,4,1,f,1,4,1/17/1994,0
670,04/01/15,Elizabeth,,Bennet,1,10,0,f,0,4,1/18/1994,9
814,04/17/15,Bo ,Boyer,Huntington,0,,1,m,0,1,1/20/1994,0
499,12/09/15,Maurice,,Sendak,0,,1,m,0,4,1/21/1994,0
186,12/10/15,Madeleine,Author,L'Engle,0,,0,f,0,1,2/1/1994,0
504,09/02/15,Lillian,Dunn,Day,0,,1,f,0,4,2/5/1994,0
41,04/01/15,Kathleen,,Seal,0,,0,f,0,4,2/7/1994,0
31,02/24/15,Sarah,Milly,Penderwick,1,36,1,f,0,2,2/9/1994,0
583,01/26/15,Almanzo,Emilia,Wilder,1,7,1,m,1,4,2/14/1994,0
425,06/25/15,Angelina,Chaser,Johnson,0,,0,f,1,4,2/15/1994,0
448,02/11/15,Judd,,Larrabee,0,,1,m,1,4,2/17/1994,0
23,02/15/15,Vernon,V.,Waters,0,,1,m,0,4,2/18/1994,0
566,02/21/15,Holden,Superfake,Caulfied,1,12,0,m,1,4,2/20/1994,0
538,01/03/14,Tom,,Buchanan,0,,0,m,1,4,2/21/1994,0
776,04/02/15,Jesse,Oliver,Aarons Jr,0,,0,m,1,3,3/1/1994,0
733,09/11/15,Matthew,,Cuthbert,0,,1,m,0,4,3/5/1994,1
554,04/20/15,Digory,,Kirke,0,,1,m,0,4,3/7/1994,0
417,02/02/15,Marjorie,,Dursley,0,,1,f,1,4,3/9/1994,0
244,05/08/15,Lucius,Aaronson,Clemantine,0,,1,m,0,3,3/14/1994,0
668,11/19/15,Jeanne,,Baret,1,12,1,f,1,4,3/15/1994,0
743,04/13/15,Florean,,Fortescue,0,,0,m,1,4,3/17/1994,1
651,07/10/15,Jude,,Fawley,0,,0,m,0,4,3/18/1994,0
361,01/26/15,Lillian,Rose,Bennet,0,,0,f,0,4,3/20/1994,0
62,01/14/15,Horace,,Sutton,0,,0,m,1,,3/21/1994,0
437,06/16/15,Emma,Evelyn,Wilson,1,3,1,f,0,1,4/1/1994,0
541,02/21/15,Argus,Ely,Filch,0,,0,m,0,1,4/5/1994,0
793,04/13/15,King,,Ingary,1,14,1,m,0,1,4/7/1994,0
53,08/25/15,Celia,Grady,Cruz,1,24,0,f,1,,4/9/1994,0
500,06/20/15,Olype,,Maxime,0,,0,f,0,4,4/14/1994,0
189,01/16/15,Antonio,Juan,Marez y Luna,0,,0,m,0,4,4/15/1994,0
719,06/12/15,George,,Wickham,0,,1,m,1,2,4/17/1994,0
396,10/26/15,Robert,King,Garcia,1,3,1,m,0,3,4/18/1994,0
700,01/22/15,Babar,W.,Gloop,0,,1,m,0,4,4/20/1994,0
744,03/28/15,Calcifer,Fire,Demon,0,,0,m,0,4,4/21/1994,0
708,01/20/15,Zack,Keeper,Binns,1,20,1,m,0,4,5/1/1994,0
740,03/11/15,Henry,,Huggins,0,,0,m,1,3,5/5/1994,0
326,04/14/15,Cho,Alice,Chang,0,,0,f,1,1,5/7/1994,9
544,07/24/15,Shug,,Avery,1,4,1,m,0,3,5/9/1994,0
754,12/17/15,Piper,Cown,Hurst,0,,1,f,0,4,5/14/1994,0
735,05/25/15,Kezia,Declan,Cottontail,1,18,0,m,1,4,5/15/1994,1
421,11/24/15,Gladys,,Gutzman,0,,0,f,1,1,5/17/1994,0
508,05/07/15,George,,Knightly,1,12,0,m,0,3,5/18/1994,0
687,07/22/15,J.R.,R.,Tolkien,0,,0,m,1,4,5/20/1994,0
71,10/05/15,Sandy,,Murry,0,,1,m,1,4,5/21/1994,0
34,08/21/15,Nova,Vivian,Beast,0,,0,f,,4,6/1/1994,9
381,08/03/15,Sir,John,Middleton,1,7,1,m,1,1,6/5/1994,0
558,06/21/15,Hunca,,Munca,0,,0,m,0,4,6/7/1994,0
13,05/20/15,May,Carrie,Castellan,0,,0,f,0,4,6/9/1994,1
614,05/28/15,Sally,,Jackson,0,,1,f,1,4,6/14/1994,0
794,10/26/15,Jane,Author,Austen,1,9,0,f,1,1,6/15/1994,0
79,09/14/15,Margaret,Wendy,Dashwood,1,3,0,f,1,4,6/17/1994,0
287,06/01/15,Farley,Fudge,Hatcher,0,,0,m,1,4,6/18/1994,0
179,04/25/15,Reason,Ellie,Velasquez,1,1,1,f,1,2,6/20/1994,1
565,12/24/15,Tristan,Blake,Malone,0,,1,m,1,4,6/21/1994,0
194,08/09/15,Charlie,Chocolate,Bucket,1,five,1,m,0,4,7/1/1994,9
677,03/01/15,Alice,Serenity,Ball,0,,0,f,0,4,7/5/1994,0
135,02/08/15,Etta,Dorothy,Plum,1,1,1,f,0,4,7/7/1994,9
328,04/12/15,Dorothy,,Vaughan,0,,0,f,0,3,7/9/1994,0
7,05/04/15,Margaret,Septima,Bingley,0,,1,f,1,4,7/14/1994,9
308,10/31/15,Stella,Kelly,Walters,0,,0,f,1,4,7/15/1994,0
702,06/23/15,Ava,Smith,Jones,0,,1,f,0,1,7/17/1994,0
737,03/23/15,Anne,Avery,Featherstone,0,,0,f,0,1,7/18/1994,1
373,12/11/15,Homer,,Zuckerman,0,,1,m,0,1,7/20/1994,0
109,01/15/15,Sam,Fay,Frankson,0,,0,m,0,4,7/21/1994,0
747,01/16/15,Hepzibah,,Smith,0,,1,f,1,2,8/1/1994,0
409,07/20/15,Totoro,,Woodsprite,0,,1,m,0,1,8/5/1994,9
255,10/30/15,Marianne,,Dashwood,0,,0,f,1,2,8/7/1994,0
187,08/20/15,C.,S.,Lewis,0,,0,m,1,2,8/9/1994,9
672,01/04/15,Celeste,Hand,Loomis,0,,0,f,0,4,8/14/1994,9
818,12/02/15,Farrell,Mathews,Knapp,0,,1,m,1,,8/15/1994,0
306,03/15/15,Charity,Teacher,Burbage,0,,0,f,0,4,8/17/1994,0
802,12/20/15,Emilia,Jacob,Simms,0,,0,f,0,1,8/18/1994,1
501,01/23/15,James,Cooper,Ingalls,0,,0,m,0,4,8/20/1994,9
243,11/26/15,Pearce,Hyde,Holden,0,,0,m,0,2,8/21/1994,0
168,09/25/15,Clara,,Schumann,0,,0,f,0,4,9/1/1994,9
352,02/07/15,Sarah,,Carter,1,6,0,f,0,4,9/5/1994,0
774,05/17/15,Gabriel,Gabe,Ugliano,1,3,1,m,0,1,9/7/1994,0
127,09/03/15,John,Russell,Barker,0,,0,m,0,4,9/9/1994,0
118,10/14/15,Jonathan,Jack,Myers,0,,0,m,0,4,9/14/1994,9
643,01/28/15,Rabastin,,Lestrange,0,,0,m,0,4,9/15/1994,9
622,07/15/15,Corban,Joe,Yaxley,0,,0,m,0,4,9/17/1994,0
602,02/04/15,Alice,Grant,Garvey,0,,0,f,1,4,9/18/1994,0
388,07/02/15,William,Tryniski,Green,1,12,1,m,0,4,9/20/1994,0
260,12/14/15,Eva,Sloan,Wier,0,,0,f,1,4,9/21/1994,1
681,03/04/15,Jason,,Chavez,0,,0,m,0,1,10/1/1994,0
193,12/13/15,Sadie,Mary,Wier,1,3,1,f,0,4,10/5/1994,0
724,02/05/15,John,,Carter,1,19,0,m,0,4,10/7/1994,0
476,11/21/15,James,,Potter,1,19,1,m,1,4,10/9/1994,0
805,10/01/15,Florence,Rachel,Chadwick,0,,0,f,0,4,10/14/1994,1
473,02/27/15,Bathilda,August,Em,0,,0,f,0,4,10/15/1994,0
345,07/04/15,Mia,Hunt,Thomas,0,,1,f,1,1,10/17/1994,1
767,09/29/15,Ollie,,Jones,0,,0,m,1,2,10/18/1994,0
800,09/12/15,Lucy,,Steele,0,,0,f,1,4,10/20/1994,9
272,10/23/15,Theodore,Ward,Gill ,0,,0,m,1,3,10/21/1994,9
650,02/02/15,Cowardly,,Lion,0,,1,m,0,4,11/1/1994,0
372,12/31/15,Eaton,Brody,Gates,0,,0,m,1,4,11/5/1994,1
460,07/26/15,Dorian,,Sauron,1,1,0,m,0,3,11/7/1994,1
139,05/10/15,Mary,Space,Jackson,0,,1,f,0,4,11/9/1994,0
35,03/09/15,Eugene,,Marez,1,29,0,m,1,4,11/14/1994,9
695,07/28/15,Dan,Piper,Gray,1,24,1,m,1,4,11/15/1994,0
327,05/30/15,Charile,Parr,Weasley,0,,1,m,1,2,11/17/1994,9
237,08/23/15,Minnie,May,Barry,1,5,1,f,1,4,11/18/1994,1
105,02/26/15,Milo,Miller,Longbottom,0,,0,m,0,4,11/20/1994,0
219,02/13/15,Roger,,Ackroyd,0,,0,m,1,4,11/21/1994,9
628,02/18/15,Arabella,Neighbor,Fig,0,,0,f,1,3,12/1/1994,0
529,07/18/15,Conner,Ryan,Fitzwilliam,1,15,0,m,1,4,12/5/1994,1
183,11/08/15,Claire,Harris,Bartlett,0,,0,f,1,4,12/7/1994,0
721,12/31/15,Arthur,Preston,Lake,1,24,1,m,0,4,12/9/1994,0
222,12/21/15,Autumn,Clinton,Hodge,1,1,1,f,0,4,12/14/1994,0
153,08/06/15,Fanny,,Dashwood,0,,0,f,0,4,12/15/1994,0
763,01/10/15,Albert,Sinclair,Runcorn,0,,0,m,1,4,12/17/1994,0
54,02/03/15,John,Sanderson,Edwards,0,,0,m,0,4,12/18/1994,0
689,01/22/15,Carrie,Denton,Snell,0,,0,f,0,1,12/20/1994,0
640,02/12/15,Houston,,Lamb,0,,0,m,0,4,12/21/1994,9
230,01/03/15,Daisy,,Buchanan,1,2,1,f,0,4,1/1/1995,0
122,08/30/15,Hayao,,Miyazaki,0,,0,m,0,1,1/5/1995,0
370,09/18/15,Eleanor,Armstrong,Ward,1,2,1,f,0,4,1/7/1995,0
486,01/04/15,Elphias,,Doge,0,,1,m,0,1,1/9/1995,0
351,10/11/15,Christian,Anthony,Ryan,0,,0,m,0,4,1/14/1995,0
40,08/05/15,Dobby,Locke,Elish,1,6,1,m,0,3,1/15/1995,1
797,03/30/15,Norton,Book,Juster,0,,0,m,0,4,1/17/1995,1
611,01/30/15,Percival,,Dalton,1,18,0,m,1,4,1/18/1995,0
552,05/06/15,Beatrix,Liliana,Potter,0,,0,f,1,3,1/20/1995,0
132,12/07/15,Sarah,Putnam,Slather,0,,0,f,0,3,1/21/1995,0
457,01/05/15,Jean,de,Brunhoff,0,,0,f,1,1,2/1/1995,9
479,02/07/15,Susan,,Lovegood,0,,0,f,1,2,2/5/1995,9
395,07/07/15,Charlotte,Allen,Gibson,0,,0,f,1,2,2/7/1995,1
750,03/24/15,Anita,M.,Garibaldi,1,7,0,f,0,4,2/9/1995,0
728,11/01/15,Hazel,County,Townsend,0,,1,f,1,4,2/14/1995,0
798,06/26/15,Percy,Brother,Weasley,1,8,1,m,0,4,2/15/1995,1
129,11/26/15,Kirk,Yates,Love ,0,,0,m,1,1,2/17/1995,0
5,01/11/15,Michael,Jamie,Bear,1,18,1,m,0,4,2/18/1995,0
482,02/12/15,Amanda,May,Whipple,0,,0,f,0,4,2/20/1995,0
28,01/09/15,Silvanus,Ted,Kettleburn,0,,0,m,0,4,2/21/1995,0
400,06/06/15,Dribble,,Turtle,1,12,1,f,0,4,3/1/1995,0
80,05/23/15,Paul,Blowfish,Cooper,1,1,1,m,1,4,3/5/1995,0
416,11/17/15,Allison,Violet,Olsen,1,12,0,f,1,4,3/7/1995,9
91,02/01/15,Grace,Snider,Edwards,1,2,1,f,0,4,3/9/1995,1
185,08/18/15,Joseph ,Samuel,Morris,0,,1,m,0,1,3/14/1995,1
6,04/15/15,Pigeon,Fay,Buttons,0,,0,m,0,4,3/15/1995,0
347,10/29/15,May,Della,O'Keefe,0,,0,f,0,2,3/17/1995,0
707,05/22/15,Wilhelmina,Grubbly,Plank,0,,1,f,1,4,3/18/1995,0
811,01/18/15,Archibald,Hawley,Craven,1,5,0,m,1,,3/20/1995,9
376,09/12/15,Lily,Madison,Lincoln,1,18,1,f,1,3,3/21/1995,0
106,06/27/15,Kanta,N.,Ogaki,0,,0,m,1,4,4/1/1995,1
182,11/03/15,John,Anthony,Dashwood,0,,0,m,1,4,4/5/1995,0
280,07/14/15,Marjorie,,Preston,0,,0,f,0,4,4/7/1995,1
8,04/29/15,Michael,Apollo,Yew,1,23,1,m,1,4,4/9/1995,0
451,03/27/15,Seamus,Mateo,Clearwater,0,,0,m,0,2,4/14/1995,0
181,04/19/15,Xenophilius,,Goodspeed,0,,0,m,0,4,4/15/1995,0
235,09/19/15,Eliza,,Williams,0,,0,f,0,2,4/17/1995,0
813,09/20/15,Edward,Peter,Ferrars,0,,0,m,0,1,4/18/1995,0
748,04/04/15,Penelope,Susan,Finnegan,0,,0,f,0,3,4/20/1995,0
200,01/06/15,Frances,Hadgson,Burnett,0,,1,m,1,3,4/21/1995,0
366,02/19/15,Erimon,Nate,Jackson,1,4,1,m,0,1,5/1/1995,0
10,06/08/15,Henry,Fay,Finn,1,5,0,f,0,1,5/5/1995,9
160,06/06/15,Amy,Sister,March,0,,0,f,1,3,5/7/1995,9
113,12/22/15,Piper,Mia,Bray,0,,0,f,0,1,5/9/1995,0
455,08/18/15,Levi,Smith,Kelly,0,,0,m,0,4,5/14/1995,9
286,12/06/15,Maya,Larson,Moran,0,,0,f,1,4,5/15/1995,0
311,12/08/15,Adeline,Small,Bowers,0,,0,f,0,2,5/17/1995,0
698,06/08/15,Theodore,Laurie,Lawrence,0,,0,m,1,4,5/18/1995,9
564,07/29/15,Kramer,,Zabini,0,,0,m,0,3,5/20/1995,0
612,06/29/15,Harper James,,,0,,0,,0,4,5/21/1995,0
57,03/16/15,Howl,Marshell,Castleman,0,,1,m,0,1,6/1/1995,1
716,01/14/15,Rita,Jesse,Smith,1,22,0,f,1,4,6/5/1995,0
77,04/06/15,Michael,,Corner,0,,0,m,0,4,6/7/1995,0
505,08/16/15,Grandpa,,Joe,0,,0,m,0,1,6/9/1995,9
720,06/02/15,Fred,,Weasley,1,12,1,m,0,3,6/14/1995,0
359,02/16/15,Camillo,Bunny,Hare,0,,1,m,1,4,6/15/1995,0
654,06/23/15,Ted,Rogers,Friedman,0,,1,m,0,1,6/17/1995,9
236,09/08/15,Aubrey,Reid,Harris,1,6,1,f,1,3,6/18/1995,0
466,10/16/15,Gae,,Aulenti,1,12,1,f,1,1,6/20/1995,0
757,04/02/15,Susan,,Kushner,0,,0,f,0,1,6/21/1995,0
497,04/05/15,Ethan,Nemesis,Nakamura,0,,0,m,1,4,7/1/1995,9
97,05/16/15,Will,Apollo,Solace,0,,0,m,1,4,7/5/1995,0
233,11/20/15,Robert,Powers,Skinner,0,,1,m,1,1,7/7/1995,0
579,09/02/15,Jayden,Shaw,Lane,1,4,1,m,1,2,7/9/1995,0
822,08/20/15,Rachel,Neighbor,Lynde,0,,0,f,0,1,7/14/1995,1
241,03/16/15,Sojourner,,Truth,1,4,1,f,1,1,7/15/1995,9
771,03/20/15,Nick,,Geiger,0,,1,m,1,4,7/17/1995,1
63,09/01/15,Layla,Rogers,Cook,0,,1,f,0,4,7/18/1995,0
736,04/21/15,Lorenzo,Gianna,Crouch,1,17,1,m,0,4,7/20/1995,1
704,03/23/15,Melissa,,Patenaude,0,,0,f,1,3,7/21/1995,0
81,12/05/15,Allison,Vincent,Camp,0,,1,f,0,4,8/1/1995,0
711,11/06/15,Calvin,Stein,O'Keefe,0,,0,m,1,2,8/5/1995,0
594,02/10/15,Petunia,,Dursley,0,,0,f,0,4,8/7/1995,0
696,01/30/15,Rachel,Brown,Oleson,0,,0,f,0,4,8/9/1995,9
285,02/07/15,Hercule,,Poirot,0,,0,m,0,4,8/14/1995,0
627,07/22/15,Madison,Amelia,Wallace,1,12,1,f,0,2,8/15/1995,0
195,05/21/15,Roger,,Davis,0,,0,m,0,4,8/17/1995,0
78,08/19/15,Jackson,Carter,Bell,0,,0,m,0,4,8/18/1995,0
198,05/14/15,Alice,In  ,Wonderland,0,,0,f,0,1,8/20/1995,9
192,08/08/15,Ethan,Cooper,Phillips,0,,1,m,1,4,8/21/1995,9
510,03/02/15,Emmeline,,Vance,0,,0,f,0,4,9/1/1995,9
76,04/24/15,Rhyme,,Smith,0,,0,f,0,3,9/5/1995,0
152,11/20/15,Bull,Glover,Skinner,0,,0,m,1,3,9/7/1995,0
303,05/11/15,Joyce,Ann,Aarons,0,,0,f,0,4,9/9/1995,0
19,07/27/15,Eliza,Stephanie,Boudicca,0,,0,f,0,2,9/14/1995,0
365,10/18/15,Reginald,William,Stout,0,,1,m,0,1,9/15/1995,0
764,06/17/15,Marmee,,March,0,,1,f,1,4,9/15/1995,0
128,01/19/15,Martha,,Sowerby,0,,0,f,1,4,9/17/1995,1
503,07/08/15,James,Oliver,Wallace,0,,0,m,1,4,9/18/1995,0
551,08/02/15,Michael,Chapman,Powell,0,,0,m,1,2,9/20/1995,1
684,08/01/15,Alice,Author,Walker,0,,0,f,0,3,9/21/1995,0
254,09/27/15,Mateo,J.,Cross,0,,0,m,1,1,10/1/1995,1
582,04/29/15,Alec,Dobson,Bings,0,,0,m,0,4,10/5/1995,9
313,11/14/15,Genesis,Zoe ,Buckley,0,,0,f,1,4,10/7/1995,0
412,03/04/15,Leon,,Marez,0,,0,m,1,3,10/9/1995,9
84,01/29/15,Nancy,,Oleson,0,,0,f,1,4,10/15/1995,0
523,11/10/15,Bella,Turner,Bartlett,0,,0,f,0,2,10/17/1995,1
115,10/24/15,Melvin,,Pettigrew,1,2,1,m,1,2,10/18/1995,9
671,08/25/15,Tom,,Thumb,0,,0,m,1,4,10/20/1995,0
282,12/19/15,Hailey,Haines,Milne,0,,0,f,1,1,10/21/1995,0
462,05/24/15,Margaret,Wise,Brown,0,,0,f,1,4,11/1/1995,0
815,03/08/15,Jack,Archie,Smith,1,24,1,m,1,2,11/5/1995,9
432,03/30/15,Lettie,,Hatter,0,,0,f,0,3,11/7/1995,9
762,09/19/15,Natalie,Black,Thomson,0,,0,f,0,4,11/9/1995,0
727,07/09/15,Jill,,Pole,0,,0,f,1,4,11/14/1995,9
463,10/04/15,Aaron,Fellows,Park ,1,1,1,m,0,4,11/15/1995,0
758,11/04/15,Paisley,Day,Sawyer,0,,0,f,1,1,11/17/1995,1
335,06/29/15,Clarisse,La ,Rue,0,,0,f,1,4,11/18/1995,0
559,04/07/15,Andrew,Richard,Ketterley,0,,1,m,0,4,11/20/1995,9
398,06/03/15,Leymah,Brave,Gbowee,0,,0,f,1,4,11/21/1995,9
706,12/17/15,Nevaeh,Donald,Spence,1,12,1,f,0,4,12/1/1995,0
312,02/15/15,Lord,,Argoz,1,1,1,m,0,3,12/5/1995,9
768,02/13/15,Kezia,,Horn,1,8,0,f,0,3,12/7/1995,0
268,03/29/15,Bing,Reese,Bot,0,,0,m,1,4,12/9/1995,0
675,11/06/15,Cadmus,Corbett,Peverell,0,,0,m,1,2,12/14/1995,0
213,12/03/15,Quinn,Barlow,Pike,1,6,0,m,0,1,12/15/1995,0
783,04/03/15,Luna,,Lovegood,0,,0,f,1,,12/17/1995,9
581,12/07/15,Lurvy,,Zuckerman,0,,0,m,0,4,12/18/1995,9
756,08/12/15,Grayson,Hermes,Dunn,0,,0,m,0,4,12/20/1995,9
49,09/22/15,Savannah,Harris,King,0,,0,f,0,4,12/21/1995,0
516,10/12/15,Hunter,Isaac,Fellows,0,,0,m,1,3,1/1/1996,0
380,04/12/15,Denise,,Creevie,0,,1,f,1,4,1/5/1996,0
289,01/21/15,Mary,,Ingalls,0,,1,f,0,1,1/7/1996,1
276,08/24/15,Veruca,Spoiled,Salt,0,,0,f,0,4,1/9/1996,9
810,01/27/15,Jenny,Ann,Wilder,0,,0,f,0,4,1/14/1996,0
801,06/26/15,Lorena,,Ochoa,0,,1,f,0,1,1/15/1996,0
488,01/10/15,L.,Frank,Baum,0,,0,m,1,3,1/17/1996,0
4,11/21/15,Jas,Shepard,Pope,0,,,m,0,3,1/18/1996,0
290,07/16/15,Tatsuo,,Kusakabe,0,,0,m,1,1,1/20/1996,0
652,11/27/15,Lily,,Potter,0,,1,f,1,4,1/21/1996,0
657,03/24/15,Harold,Purple,Crayon,0,,0,m,1,4,2/1/1996,0
329,10/21/15,Cameron,Lincoln,Knox,0,,0,m,0,4,2/5/1996,0
527,01/08/15,Rowena,,Ravenclaw,0,,0,f,0,4,2/7/1996,1
120,07/30/15,Cormac,,McLaggen,0,,0,m,1,4,2/9/1996,0
103,10/13/15,Padma,,Patil,0,,0,f,0,2,2/14/1996,9
239,04/30/15,Katia,Volcano,Krafft,0,,0,f,0,4,2/15/1996,0
636,12/21/15,Quinn,Cowan,Brook,0,,0,f,0,3,2/17/1996,1
562,04/03/15,Leslie,,Burke,0,,0,f,0,1,2/18/1996,0
231,11/16/15,Kennedy,Hazel,Doyle,0,,0,f,0,4,2/20/1996,0
646,02/11/15,Miss,,Marple,1,15,1,f,1,1,2/21/1996,0
468,02/17/15,Caspain,Telmarine,Conqueror,0,,1,m,0,3,3/1/1996,9
68,11/07/15,Violet,Bell,Wilcox,1,12,0,f,0,3,3/5/1996,9
384,01/18/15,Bellatrix,Katerine,March,0,,0,f,0,3,3/7/1996,9
226,06/10/15,Ted,Aaron ,Diggle,0,,0,m,0,1,3/9/1996,9
641,03/19/15,Tommy,,Geiger,0,,0,m,1,4,3/14/1996,0
341,03/12/15,Claire,Jameson,Penderwick,0,,0,f,1,4,3/15/1996,0
688,07/15/15,Madeline,,Paris ,0,,1,f,0,4,3/17/1996,9
600,10/02/15,Eleanor,,Little,1,6,1,f,0,3,3/18/1996,9
420,03/12/15,Lavender,,Brown,1,2,1,f,0,4,3/20/1996,9
149,10/11/15,Pansy,Leticia,Peverell,0,,1,f,0,1,3/21/1996,9
142,07/20/15,Ella,Charlotte,Sullivan,1,6,1,f,1,1,3/21/1996,0
360,01/07/15,Arthur,Corbett,Elephant,0,,0,m,0,4,4/1/1996,9
645,02/04/15,Jonathan,,Garvey,1,6,1,m,0,1,4/1/1996,0
701,02/23/15,Merritt,Anne,Moore,0,,0,f,0,1,4/5/1996,0
20,09/29/15,Garth,,Ollivander,0,,0,m,1,3,4/5/1996,1
603,01/20/15,Hannah,Ingalls,Wilder,0,,0,f,0,4,4/7/1996,1
514,12/25/15,John,,Arable,1,5,1,m,0,1,4/7/1996,0
299,07/21/15,Elijah,Sullivan,Wells,0,,0,m,1,2,4/9/1996,0
745,06/24/15,Frog,,Friends,0,,0,m,0,1,4/14/1996,1
617,10/01/15,Mrs,,Which,0,,0,f,0,1,4/15/1996,9
601,04/07/15,Whether,,Man,1,17,0,m,1,4,4/17/1996,9
38,02/24/15,Dolores,Jenny,Lucus,0,,0,f,1,1,4/18/1996,0
164,02/25/15,Marietta,,Edgecombe,1,3,1,f,1,4,4/18/1996,0
472,01/19/15,Dickon,Garden,Sowerby,1,12,1,m,0,4,4/20/1996,0
358,12/11/15,Gabriella,D.,Montoya,1,12,0,f,1,4,4/20/1996,9
252,10/10/15,Ellen,,Degeneres,1,24,1,f,0,4,4/21/1996,0
431,10/08/15,It,,Camazotz,0,,0,m,1,2,5/1/1996,1
2,02/02/15,Joe ,Gabriel,Marquez,0,,0,m,1,1,5/5/1996,0
511,03/18/15,Turron,,Asabere,0,,1,m,1,4,5/5/1996,0
485,04/08/15,Ellie,,Aarons   ,0,,0,f,1,1,5/7/1996,9
662,11/16/15,Kinsley,Ellie,Wise,0,,0,f,0,1,5/9/1996,0
521,02/23/15,Laura,Hufflepuff,Abbott,0,,0,f,1,1,5/14/1996,9
206,05/06/15,Lady,Green,Kirtle,0,,1,f,1,1,5/14/1996,0
693,04/28/15,Basil,E.,Frankweiler,0,,0,f,0,4,5/15/1996,0
125,01/12/15,Rufus,,Scrimgeour,0,,0,m,1,4,5/15/1996,9
340,02/09/15,Bill,Glenn,Anderson,1,5,1,m,1,3,5/17/1996,9
202,12/28/15,Amir,Beau,Arbor,0,,0,m,0,4,5/18/1996,9
95,04/21/15,Arthur,Fay,Reese,0,,1,m,0,2,5/20/1996,9
496,04/18/15,Marvolo,,Gaunt,0,,0,m,0,3,5/21/1996,9
85,01/24/15,Cassandra,Cooper,Ingalls,1,24,1,f,0,1,6/1/1996,9
295,07/19/15,Mason,Scott,Lewis,0,,1,m,1,4,6/1/1996,9
199,09/01/15,Wyatt,Knight,Armstrong,0,,0,m,0,2,6/5/1996,0
42,10/08/15,Helen,,Miller,1,8,0,f,0,4,6/7/1996,0
659,10/25/15,Jeremiah,Thomson,Drake,0,,0,m,0,4,6/9/1996,0
369,06/15/15,Catherine,Snell,Bourgh,0,,0,f,0,4,6/14/1996,9
585,04/27/15,Herman,Matt,Parish,1,12,0,m,0,4,6/14/1996,9
64,09/09/15,Teddy,,Nott,0,,0,m,0,4,6/15/1996,9
209,09/26/15,Bob,N.,Ogden,1,3,1,m,1,4,6/17/1996,9
117,03/13/15,Annie,Arbor,Smith,1,24,1,f,0,4,6/18/1996,0
540,11/22/15,Andrew,Rhodes,Davenport,0,,1,m,0,4,6/20/1996,9
387,06/28/15,Augustus,Louise,Eastman,0,,0,f,0,4,6/21/1996,0
140,03/15/15,Mrs.,Churchie,Churchill,1,24,0,f,0,4,7/1/1996,9
433,03/21/15,Pedro,,Luna,0,,0,m,0,4,7/5/1996,9
292,08/15/15,Zardeenah,,Calormene,0,2,0,m,0,3,7/7/1996,0
288,10/13/15,Alex,Miguel,Murry,0,,0,m,0,4,7/9/1996,1
722,01/11/15,Newt,,Scamander,0,,0,m,1,4,7/14/1996,1
75,01/15/15,Colin,Matt,McGrew,1,19,1,m,1,2,7/15/1996,9
137,07/03/15,Nanny,,Granny,0,,0,f,1,4,7/17/1996,1
302,09/16/15,Anne,Graham,Steele,1,1,0,f,0,4,7/18/1996,9
156,01/20/15,Charles,Fitzpaatrick,Ingalls,0,,0,m,1,4,7/20/1996,9
218,03/19/15,Katherine,Math,Johnson,0,,0,f,1,4,7/21/1996,0
305,01/29/15,Willie,,Oleson,0,,0,m,1,4,8/1/1996,9
512,03/01/15,Morgan,Le,Fay,0,,0,f,1,4,8/5/1996,0
100,09/21/15,Violet,Gum,Beauregarde,0,,0,f,0,4,8/7/1996,1
618,06/19/15,Molly,,Weasley,0,,0,f,0,1,8/9/1996,9
782,09/24/15,Annie,Dobson,Barrows,0,,0,f,1,4,8/14/1996,0
817,06/04/15,Janice,Betty,Avery,1,6,1,f,0,4,8/15/1996,1
415,06/10/15,Sheila,Neighbor,Tubman,1,8,1,f,0,4,8/15/1996,9
350,05/18/15,Jeanne,,Birdsall,0,,1,f,1,4,8/17/1996,0
353,09/18/15,Robert,Lupin,Ferrars,0,,0,m,1,1,8/18/1996,9
546,02/14/15,Aravis,Ewing,Tarkheena,0,,0,m,0,4,8/20/1996,0
491,06/19/15,Crockett,,Johnson,0,,0,m,0,4,8/20/1996,0
330,08/11/15,Daniel,Lane,Ward,1,12,0,m,0,4,8/21/1996,0
188,07/06/15,Man,Yellow,Hat,1,3,0,m,1,3,9/1/1996,9
110,07/12/15,Evelyn,Wood,Ross,0,,1,f,1,4,9/1/1996,0
217,03/22/15,Mundungus,,Fletcher,0,,0,m,0,4,9/5/1996,0
574,07/03/15,Oliver,Quidditch,Wood,0,,0,m,1,4,9/5/1996,0
441,02/06/15,Dudley,Cousin,Dursley,0,,0,m,0,4,9/7/1996,0
534,11/07/15,Sheldon,,Potts,0,,0,m,1,1,9/9/1996,0
647,06/20/15,Amos,Steven,Chase,1,16,0,m,1,2,9/14/1996,0
143,06/18/15,Charles,,Beckendorf,0,,0,m,1,2,9/15/1996,9
138,05/15/15,Fannie,Martha,Delacour,0,,0,f,1,4,9/17/1996,0
245,07/26/15,Willy,Hoggle,Stock,0,,0,m,1,4,9/18/1996,0
379,06/14/15,Georgiana,,Darcy,0,,0,f,0,4,9/20/1996,0
492,07/24/15,Alberta,Brock,Scrubb,0,,1,f,0,4,9/21/1996,0
310,02/28/15,Diane,Wynne,Jones,0,,0,f,0,1,10/1/1996,9
452,01/31/15,Hiram,,Baker,1,1,1,m,1,3,10/1/1996,0
234,04/09/15,Mo,,Williams,1,7,0,m,0,1,10/5/1996,0
368,03/07/15,Brenda,Louise,Tifton,0,,0,f,1,3,10/5/1996,0
635,06/24/15,Noah,Ellis,Adams,1,19,1,m,0,2,10/7/1996,9
739,09/28/15,Ryan,Myers,Perkins,0,,0,m,1,2,10/7/1996,1
717,02/09/15,Christy,Alice,Kennedy,0,,0,f,0,1,10/9/1996,9
394,05/04/15,The,,Mathemgician,0,,0,m,1,1,10/9/1996,9
146,11/25/15,Daniel,Beck,Hood,0,,0,m,1,4,10/14/1996,9
130,07/12/15,Jane,Author,Austen,1,12,1,f,0,1,10/15/1996,0
83,07/31/15,Paul,Bell,Bhaer,0,,0,m,1,4,10/15/1996,9
589,02/05/15,Adam,George,Simms,0,,0,m,0,1,10/18/1996,0
790,10/21/15,Asher,Turner,Bird,0,,0,m,0,4,10/20/1996,1
615,09/11/15,Robert,John,Jones,0,,0,m,1,4,10/20/1996,9
197,05/23/15,Claudia,,Kincaid,0,,0,f,1,1,10/21/1996,0
174,07/07/15,Emily,Ava,Vance,0,,0,f,1,4,11/1/1996,0
124,08/29/15,Carter,Rice,Jenkins,1,1,0,m,1,3,11/1/1996,9
247,01/08/15,Toto,Little,Dog,1,15,0,m,0,4,11/5/1996,9
119,01/30/15,Scare,Straw,Crow,0,,1,m,1,4,11/5/1996,0
823,11/02/15,Josephine,J.,Barry,0,,0,f,1,2,11/7/1996,9
796,02/14/15,Ardeeb,Milton,Tisroc,0,,0,m,0,3,11/9/1996,0
281,11/23/15,Herbert,Browne,Dyerbuck,0,,0,m,1,1,11/9/1996,9
456,10/17/15,Landon,Levi,Harper,0,,0,m,0,4,11/14/1996,0
419,03/08/15,Martin,Botany,Penderwick,0,,0,m,0,4,11/14/1996,9
590,10/24/15,Giusi,,Nicolini,0,,0,f,0,1,11/15/1996,9
525,08/05/15,Jay,Montague,Gatsby,0,,1,m,1,4,11/15/1996,0
709,01/05/15,Igor,William,Ratchett,0,,0,m,0,1,11/18/1996,9
484,02/27/15,Emeth,,Tarkaan,1,17,1,m,1,4,11/18/1996,0
408,07/08/15,Barron,Loomis,Bus,1,6,0,m,1,4,11/20/1996,9
692,03/03/15,Amelia,May,Bones,1,11,1,f,1,3,11/20/1996,0
172,08/14/15,Diana,Notreal,Barry,0,,1,f,0,3,11/21/1996,9
190,03/12/15,Lucas,,Luna,0,,0,m,0,4,12/1/1996,0
656,10/22/15,Leo,Rogers,Gibbs,1,23,1,m,0,3,12/1/1996,0
208,08/10/15,Isaac,Levi,Burns,0,,0,m,0,3,12/5/1996,1
690,04/11/15,Chroma,The,Great,0,,0,m,0,1,12/7/1996,9
577,10/16/15,Frederick,Frank,Little,0,,0,m,0,1,12/9/1996,9
467,05/29/15,Rolanda,,Hooch,0,,0,f,1,2,12/14/1996,9
555,06/09/15,Lowri,,Morgan,0,,0,f,0,4,12/15/1996,9
47,03/09/15,Emerald,Fern,Hannigan,0,,0,f,1,2,3/9/2015,9
148,03/26/15,Christopher,Kidd,Moulton,0,,0,m,0,4,12/18/1996,0
131,09/05/15,Lucy,Maud,Montgomery,0,,0,f,0,2,12/20/1996,0
259,02/17/15,Samuel,Martin,Karkaroff,1,12,0,m,1,4,12/20/1996,9
598,11/27/15,Neal,Moss,Rees,1,11,1,m,0,1,12/21/1996,0
29,02/04/15,Charles,Vernon,Tonks,0,,0,m,1,1,1/1/1997,0
520,08/28/15,David,Henry,Jenkins,0,,1,m,1,4,1/1/1997,0
697,02/01/15,Isaiah,,Edwards,0,,0,m,0,4,1/5/1997,9
116,02/26/15,Nick,Rich,Carraway,0,,0,m,1,3,1/5/1997,0
406,02/18/15,Byrd,Kenyon,Major,0,,0,m,0,4,1/7/1997,0
769,10/23/15,Melvin,John,Williams,0,,0,m,0,4,1/7/1997,9
644,12/26/15,Silas,Malachi,Galloway,0,,1,m,0,4,1/7/1997,0
107,01/22/15,,,Smith,1,19,0,m,1,4,1/7/1997,9
371,11/10/15,Aurora,Lincoln,Pope,0,,0,f,1,4,1/9/1997,0
320,02/16/15,Gilderoy,,Lockhart,1,3,1,m,0,3,1/14/1997,0
357,02/28/15,Phineas,Nigellus,Black,1,2,1,m,0,4,1/14/1997,1
51,01/25/15,Donald,Fredrick,Thomas,0,,0,m,0,4,1/15/1997,0
203,02/08/15,Maria,Anna,Luna,0,,0,f,0,4,1/15/1997,0
547,08/21/15,Brenda,Nicholls,Milner,1,3,0,f,1,4,1/15/1997,0
712,11/12/15,Anna,Ward,Gates,0,,0,f,0,3,1/18/1997,9
344,04/16/15,Elaine,Lobl,Konigsburg,0,,0,f,1,4,1/20/1997,0
616,02/19/15,Aisholpan,Mather,Thomson,0,,0,f,0,4,1/21/1997,9
390,04/19/15,Luke,Hermes,Castellan,1,3,1,m,1,4,1/21/1997,0
173,08/26/15,Mei,,Kusakabe,0,,0,f,1,4,2/1/1997,9
780,01/12/15,Emily,Kansas,Marquez,0,,0,f,0,4,2/7/1997,0
223,03/13/15,Iantha,Aaronson,Penderwick,0,,0,f,1,4,2/7/1997,9
634,03/06/15,Andrew,Roe,Marez,0,,0,m,0,1,2/9/1997,0
94,11/28/15,Gus,,Vallony,0,,0,m,0,1,2/9/1997,9
338,09/13/15,Happy,Bob,Medium,0,,0,f,0,1,2/9/1997,0
517,03/26/15,Agatha,Mary,Christie,0,,0,f,0,4,2/14/1997,0
807,02/23/15,Tetsuko,B.,Kuroyanagi,1,12,0,m,1,4,2/14/1997,0
44,06/30/15,Albert,John,Weasley,1,3,1,m,1,,2/15/1997,1
309,03/20/15,Beep,Learning,Bot ,1,1,1,m,1,1,2/15/1997,9
442,12/01/15,Edith,,Zuckerman,0,,0,f,0,4,2/18/1997,0
212,03/17/15,Harry,The,Tomatoman,0,,0,m,0,4,2/18/1997,0
666,03/21/15,Picky,Picky,Cat,1,1,0,m,0,4,2/18/1997,1
9,07/09/15,Mercy,Caroline,Watson,0,,0,f,0,1,2/20/1997,0
436,04/23/15,Lee,Apollo,Fletcher,1,12,1,m,0,4,2/20/1997,0
378,05/26/15,Fitz ,George,Brandon,0,,0,m,0,4,2/21/1997,9
362,05/08/15,Thalia,Zeus,Grace,0,,0,f,1,4,2/21/1997,9
812,06/04/15,Warren,Arthur,Hatcher,0,,0,m,1,4,3/1/1997,1
604,04/16/15,Ken ,Crockett,Azaz,0,,0,m,0,4,3/5/1997,0
765,06/28/15,Peter,,Pevensie,1,24,1,m,0,1,3/5/1997,9
414,04/02/15,Sara ,Cathy,Cattermole,1,6,1,f,0,4,3/5/1997,9
498,04/27/15,Cornelius,George,Farmer,0,,0,m,1,4,3/7/1997,1
729,04/04/15,Howie,,Kemp,1,6,1,m,0,1,3/9/1997,9
531,08/13/15,Jack,Christopher,Hayes,0,,0,m,0,4,3/14/1997,9
316,05/30/15,William,,Dare,0,,0,m,0,4,3/14/1997,9
755,04/01/15,Mark,Fudge,Flint,0,,0,m,1,4,3/14/1997,0
804,04/09/15,Reginald,Farrell,Cattermoley,0,,1,m,0,3,3/15/1997,1
591,05/17/15,Humpty,Egg,Dumpty,0,,0,m,0,2,3/18/1997,0
220,09/03/15,Madam,C. J.,Walker,0,,0,f,0,4,3/20/1997,0
74,12/10/15,Elena,Maria,Garcia,0,,0,f,1,1,3/21/1997,0
422,06/05/15,Harry,Martin,Weasley,0,,0,m,1,1,3/21/1997,9
494,04/10/15,Fillius,Malfoy,Flitwick,0,,0,m,1,1,4/5/1997,0
98,05/02/15,Frank,Perry,Toll,0,,0,m,1,4,4/9/1997,0
169,05/21/15,Nancy,,Bobofit,1,6,0,f,1,1,4/9/1997,1
596,07/05/15,Ernie,Farley,Macmillan,0,,0,m,1,4,4/18/1997,1
713,05/20/15,Draco,Azaz,Flitwick,0,,1,m,0,4,4/21/1997,0
434,07/25/15,Marie ,,Tharp,0,,0,f,1,4,4/21/1997,9
178,11/24/15,Dudley,Nash,Holden,0,,1,m,1,1,5/7/1997,0
25,06/11/15,Henry,Guy,Nutkin,1,34,1,m,1,4,5/9/1997,0
33,06/07/15,Rubeus,Hars,Blue,0,,1,m,0,4,5/18/1997,9
723,07/21/15,Ronald,Author,Dahl,0,,0,m,1,4,5/18/1997,0
177,12/12/15,Naomi,Carlson,Hartley,0,,0,f,0,1,5/20/1997,0
407,06/16/15,Liam,Stone,Porter,0,,0,m,1,4,5/20/1997,1
686,06/02/15,Henry,Lucas,Dashwood,0,,0,m,1,4,5/21/1997,0
56,06/27/15,John,Alfred,Willoughby,0,,,m,1,4,6/5/1997,9
734,07/28/15,Eustace,Clarence,Scrubb,0,,1,m,1,4,6/14/1997,0
134,11/30/15,Bobbi,Jean,Piper,0,,0,f,1,4,6/15/1997,0
402,08/16/15,Aiden,M.,Hunter,0,,0,m,0,1,6/21/1997,0
283,07/23/15,Oliver,Fox,Co,0,,0,m,0,2,6/21/1997,0
184,11/13/15,Caroline,Dunn,Woodward,1,4,1,f,0,4,7/1/1997,0
787,09/22/15,Chimamanda,Ngozi,Adichie,1,12,0,f,1,2,7/7/1997,0
253,12/19/15,Templton,,Rat,1,2,0,m,0,1,7/9/1997,9
348,09/10/15,Sophia,,Grey,0,,0,f,0,3,7/14/1997,0
663,11/22/15,Creek,Brewer,Dodge,0,,0,m,1,2,7/15/1997,0
461,08/22/15,Samuel,Bennett,Dunn,0,,1,m,1,4,7/20/1997,0
660,08/15/15,Graham,Rufus,Montague,1,24,1,m,1,4,8/1/1997,0
73,10/19/15,Joshua,Eli ,Carpenter,0,,0,m,0,1,8/7/1997,1
21,11/12/15,Samantha,Thomson,Bacon,0,,0,f,1,4,8/9/1997,0
48,12/18/15,Ruby,Reeves,Camp,0,,0,f,1,3,8/18/1997,0
426,10/27/15,Elinor,,Dashwood,0,,0,f,1,4,8/21/1997,1
323,01/03/15,Tin,Heart,Woodman,0,,0,m,1,4,6/18/1998,0
314,10/09/15,Gertie,,Pye,0,,1,f,1,4,12/9/1998,9
